"1035eb93-2208-4c22-bab8-fef06769a73c","scores",""
"6aa5dbf5-78fa-4375-b22c-ffaa989732d2","latest",""
"b661a2e1-aebf-4f50-9139-0fb817dd12c6","personalBest",""
"3d996a97-c81c-4642-9afc-80b80dc14015","personalTopThree",""
"1084ecb5-3eb4-46fe-a816-e40331a4e83a","personalTopThree",""
"e6465b6b-5a11-4936-bfe3-35241c4f4f16","personalTopThree",""
"f73b02af-c8fd-41c9-91b9-c86eaa86bce2","personalTopThree",""
"16608eae-f60f-4a88-800e-aabce5df2865","personalTopThree",""
"2df075f9-fec9-4756-8f40-98c52a11504f","latest",""
"809c4058-7eb1-4206-b01e-79238b9b71bc","scores",""
"ddb0efc0-9a86-4f82-bc30-21ae0bdc6418","latest",""
"6a0fd2d1-4cc4-46b9-a5bb-2fb667ca2364","scores",""
